|Nombre Restaurante|1|2|3|4|5|Rating|Reviews|Price|Ciudad|Tipo Busqueda|Zona
0|El Cortijo|4,4(454)|Mediterránea · C. Remedios, 5|Abre pronto ⋅ 18:00|  Comer allí|·|4,4|454||Marbella||
1|Tempora Restaurante|4,5(244)|Mediterránea · C. Tetuán, 9|Coqueto espacio de cocina internacional|Abre pronto ⋅ 18:00|  Comer allí|4,5|244||Marbella||
2|Restaurante Caperuza|4,5(123)|Restaurante · C. Aduar, 22|Cerrado ⋅ Apertura: 19:30|  Comer allí|·|4,5|123||Marbella||
3|Restaurante Garum Marbella|4,7(245)|Restaurante · P.º Marítimo|Abierto ⋅ Cierra a las 23:00|  Comer allí|·|4,7|245||Marbella||
4|La Milla Marbella|4,2(792) · €€€|Restaurante · Urbanización Los Verdiales (Entre Hotel Marbella Club y Hotel Puente Romano)|Abierto ⋅ Cierra a las 2:00|  Comer allí|·|4,2|792| · €€€|Marbella||
5|Casanis Bistrot Marbella|4,2(434) · €€€|Restaurante · C. Ancha, 8|Bistró rústico con recetario creativo|Cerrado ⋅ Apertura: 19:00|  Comer allí|4,2|434| · €€€|Marbella||
6|Rib Shack Marbella|4,9(230) · €|Restaurante · Avenida Duque de Ahumada 16 ~ Edificio Eden Rock 1, Local 9|Cerrado ⋅ Apertura: 20:00|  Comer allí|·|4,9|230| · €|Marbella||
7|Momo Marbella|4,3(96)|Restaurante · C. Tetuán, 7|Abre pronto ⋅ 18:00|  Comer allí|·|4,3|96||Marbella||
8|"Ta-Kumi | Restaurante Japonés - Marbella"|4,6(944) · €€€|Japonesa · C. Gregorio Marañón, 4|Fusión japonesa en refinado gastrobar|Cerrado ⋅ Apertura: 19:30|  Comer allí|4,6|944| · €€€|Marbella||
9|ENTONCES.....Vamos a Comer Cafè & Restaurante|4,6(212) · €€|Restaurante · P.º Marítimo, 5|Abre pronto ⋅ 18:00|  Comer allí|·|4,6|212| · €€|Marbella||
10|Restaurante BACK|4,6(666) · €€|Restaurante · C. Pablo Casals, 8|Cerrado ⋅ Apertura: 19:30|  Comer allí|·|4,6|666| · €€|Marbella||
11|El Patio de Mariscal|4,5(446) · €€|Restaurante · Calle Virgen de los Dolores, 3, BAJO|Patio íntimo con menú mediterráneo|Cerrado ⋅ Apertura: 19:00|  Comer allí|4,5|446| · €€|Marbella||
12|Buenos Aires Steak House|4,6(273) · €€|Restaurante · C. Tetuán, 5|Abre pronto ⋅ 18:00|  Comer allí|·|4,6|273| · €€|Marbella||
13|Restaurante El Cordobés|4,4(1.150) · €|Restaurante · C. Arte, 7|Cerrado ⋅ Apertura: 20:00|  Comer allí|·|4,4|1.150| · €|Marbella||
14|Soleo Marbella Beach Club Restaurant|4,3(889) · €€|Mediterránea · Av. Duque de Ahumada, s/n|Pescado a la parrilla en selecta terraza|Abierto ⋅ Cierra a las 2:00|  Comer allí|4,3|889| · €€|Marbella||
15|"Don Quijote Restaurante | Marbella"|4,5(238) · €€|Restaurante · Urb. el Rosario, 8|Abre pronto ⋅ 18:00|  Comer allí|·|4,5|238| · €€|Marbella||
16|Restaurante La Bocana|4,5(1.216) · €€|Restaurante · Complejo Benabola, Bloque 1|Abierto ⋅ Cierra a las 0:00|  Comer allí|·|4,5|1.216| · €€|Marbella||
17|INIMITABLE|4,6(104)|Cocina europea moderna · C. Ribera, 10|Cerrado ⋅ Apertura: 19:00|  Comer allí|·|4,6|104||Marbella||
18|RESTAURANTE MARBELLA PATIO|4,2(317) · €€|Restaurante · Calle Virgen de los Dolores, 4|Platos andaluces en un antiguo palacete|Abierto ⋅ Cierra a las 23:30|  Comer allí|4,2|317| · €€|Marbella||
19|The Harbour Bar & Restaurant Marbella|4,4(311)|Restaurante · Real Club Marítimo Marbella|Abierto ⋅ Cierra a las 0:00|  Comer allí|·|4,4|311||Marbella||
20|Los Mellizos Marbella|4,3(2.490) · €€|Marisco · Paseo Marítimo, esquina, C. Gregorio Marañón, 8|Arroces, tapeo andaluz y frutos del mar|Abierto ⋅ Cierra a las 23:30|  Comer allí|4,3|2.490| · €€|Marbella||
21|RESTAURANTE MARBELLA PATIO|4,2(317) · €€|Restaurante · Calle Virgen de los Dolores, 4|Platos andaluces en un antiguo palacete|Abierto ⋅ Cierra a las 23:30|  Comer allí|4,2|317| · €€|Marbella||
22|El Olivar|4,6(11)|Restaurante · Av. Bulevar Príncipe Alfonso de Hohenlohe, s/n|Cerrado ⋅ Apertura: 9:30 (jue)|  Comer allí|·|4,6|11||Marbella||
23|Bistro Paloma|4,8(35)|Restaurante · C. Ortiz de Molinillo, 1|  Comer allí|·|No hay entrega a domicilio|4,8|35||Marbella||
24|MIA CAFE - Tapas & Bar|4,7(470) · €€|Restaurante · C. Remedios|Abierto ⋅ Cierra a las 0:00|  Comer allí|·|4,7|470| · €€|Marbella||
25|KAVA|4,5(191)|Restaurante · Av. Antonio Belón, 4|Platos de autor y ambiente cosmopolita|Abierto ⋅ Cierra a las 23:00|  Comer allí|4,5|191||Marbella||
26|Restaurante Garnacha|4,4(242)|Mediterránea · Plaza de los Olivos, 2, bajo|Cerrado ⋅ Apertura: 19:30|  Comer allí|·|4,4|242||Marbella||
27|Al Minzah Especialidades Marroquies|4,4(215) · €|Marroquí · Tr.ª Huerta los Cristales, 8|Abierto ⋅ Cierra a las 23:00|  Comer allí|·|4,4|215| · €|Marbella||
28|Zozoi|4,6(327) · €€|Mediterránea · Pl. Altamirano, 1|Cocina de temporada en casa pintoresca|Cerrado ⋅ Apertura: 19:00|  Comer allí|4,6|327| · €€|Marbella||
29|Restaurante Casa Eladio|4,4(246) · €€|Restaurante · Calle Virgen de los Dolores, 6|Abre pronto ⋅ 18:00|  Comer allí|·|4,4|246| · €€|Marbella||
30|Lobito de Mar|4,3(2.275) · €€€|Restaurante · Av. Bulevar Príncipe Alfonso de Hohenlohe, 178|Restaurante chic con platos de marisco y tapas|Cerrado ⋅ Apertura: 19:30|  Comer allí|4,3|2.275| · €€€|Marbella||
31|Origen Asador Argentino|4,6(761) · €€|Argentina · Calle Gregorio Marañón s/n esquina, C. Camilo José Cela|Cerrado ⋅ Apertura: 19:00|  Comer allí|·|4,6|761| · €€|Marbella||
32|"Breathe - Restaurante Marbella | Gastrobar & Garden"|4,1(730)|Restaurante · C. los Lirios|Abre pronto ⋅ 18:00|  Comer allí|·|4,1|730||Marbella||
33|Restaurante Casa del Corregidor|4,0(284) · €€|Mediterránea · Pl. de los Naranjos, 6|Restaurante mediterráneo con terraza|Abierto ⋅ Cierra a las 23:00|  Comer allí|4,0|284| · €€|Marbella||
34|Restaurante en Marbella EL BALCÓN DE LA VIRGEN|4,2(258) · €€|Mediterránea · C. Remedios, 2|Abre pronto ⋅ 18:00|  Comer allí|·|4,2|258| · €€|Marbella||
35|The Orange Tree|4,6(199) · €€|Cocina europea moderna · Pl. Gral. Chinchilla, 1|Cálido espacio de cocina mediterránea|Cerrado ⋅ Apertura: 18:30|  Comer allí|4,6|199| · €€|Marbella||
36|Restaurante Skina|4,4(182)|Mediterránea · C. Aduar, 12|Gastronomía andaluza en un rincón chic|Abierto ⋅ Cierra a las 0:00|  Comer allí|4,4|182||Marbella||
37|Paella's y Más|4,4(784) · €€|Española · C. Hermanos Salom, 3|Cocina española en un local cosmopolita|Cerrado ⋅ Apertura: 19:30|  Comer allí|4,4|784| · €€|Marbella||
38|Restaurante la Red|4,3(1.383) · €€|Mediterránea · P.º Marítimo, 6|Sabores mediterráneos, copas y hamacas|Abierto ⋅ Cierra a las 23:00|  Comer allí|4,3|1.383| · €€|Marbella||
39|Officina 84 Marbella|4,9(165)|Italiana · C. Camilo José Cela, 2|Cerrado ⋅ Apertura: 19:30|  Comer allí|·|4,9|165||Marbella||
40|Officina 84 Marbella|4,9(165)|Italiana · C. Camilo José Cela, 2|Cerrado ⋅ Apertura: 19:30|  Comer allí|·|4,9|165||Marbella||
41|Restaurante Conmpasión|4,4(854) · €€|Restaurante · C. San Lázaro, s/n|Cerrado ⋅ Apertura: 20:00|  Comer allí|·|4,4|854| · €€|Marbella||
42|Restaurante Marbella - El Bodegón - Tapas - comida casera|4,2(726) · €€|Restaurante · Avenida duque ahumada, P.º Marítimo, 7|Abierto ⋅ Cierra a las 0:00|  Comer allí|·|4,2|726| · €€|Marbella||
43|Restaurant El Banco|4,4(180) · €€|Restaurante · Urbanización Aloha Pueblo, Local 35, 29660|Abierto ⋅ Cierra a las 23:00|  Comer allí|·|4,4|180| · €€|Marbella||
44|Casa tua|4,6(285) · €€|Italiana · C. Virgen del Pilar, 17|Cerrado ⋅ Apertura: 18:30|  Comer allí|·|4,6|285| · €€|Marbella||
45|Nobu Restaurant & Lounge Marbella|4,1(374) · €€€€|Japonesa · Bulevar Principe Alfonso von Hohenlohe, s/n,|Cerrado ⋅ Apertura: 19:00|  Comer allí|·|4,1|374| · €€€€|Marbella||
46|Stuzzikini|4,5(182)|Italiana · C. Alderete, 5|Cerrado ⋅ Apertura: 19:30|  Comer allí|·|4,5|182||Marbella||
47|El Grill de Marbella Club|4,4(41)|Restaurante · Av. Bulevar Príncipe Alfonso de Hohenlohe, s/n|Cerrado ⋅ Apertura: 19:30|  Comer allí|·|4,4|41||Marbella||
48|Pizzeria Pacman Marbella|4,8(175)|Pizza · Puerto Deportivo de Marbella, local 21|Abierto ⋅ Cierra a las 2:00|  Comer allí|·|4,8|175||Marbella||
49|Bar Altamirano|4,4(1.964) · €€|Cocina andaluza · Pl. Altamirano, 3|Emblemática casa de cocina andaluza|Cerrado ⋅ Apertura: 19:30|  Comer allí|4,4|1.964| · €€|Marbella||
50|Bardot Marbella|4,7(35)|Restaurante · C. José Meliá, s/n|Abierto ⋅ Cierra a las 20:00|  Comer allí|·|4,7|35||Marbella||
51|Mamzel Marbella|4,0(310) · €€€€|Restaurante · Urbanización Rio Verde Alto 1|Cerrado ⋅ Apertura: 20:30|  Comer allí|·|4,0|310| · €€€€|Marbella||
52|La Bodega del Mar|4,4(994) · €€|Bar de tapas · Av. Duque de Ahumada, 13|Animado restaurante español con terraza|Abierto ⋅ Cierra a las 0:00|"  ""Restaurante en el paseo marítimo de Marbella, bien decorado y acogedor."""|4,4|994| · €€|Marbella||
53|LEÑA Marbella|4,6(967)|Barbacoa · Av. Bulevar Príncipe Alfonso de Hohenlohe, s/n|Abierto ⋅ Cierra a las 0:00|  Comer allí|·|4,6|967||Marbella||
54|Coa Restaurant|4,6(54)|Restaurante · C. las Malvas|Cerrado ⋅ Apertura: 20:00|  Comer allí|·|4,6|54||Marbella||
55|The Farm Restaurant|4,2(484) · €€|Restaurante · Pl. Altamirano, 3|Restaurante|Abierto ⋅ Cierra a las 23:30|  Comer allí|4,2|484| · €€|Marbella||
56|LUIGI Restaurante pizzeria|4,4(57)|Italiana · Pl. Practicante Manuel Cantos|Abierto ⋅ Cierra a las 0:00|  Comer allí|·|4,4|57||Marbella||
57|Da Bruno Sul Mare|4,3(2.111) · €€|Restaurante · Paseo Marítimo, s/n, Edificio Skol|Cocina italiana en salones señoriales|Abierto ⋅ Cierra a las 0:00|  Comer allí|4,3|2.111| · €€|Marbella||
58|La Mar Marbella|4,6(78)|Restaurante · P.º Marítimo, 7|Abierto ⋅ Cierra a las 0:00|  Comer allí|·|4,6|78||Marbella||
59|La Ribera|4,6(208)|Restaurante · Av. Ramón y Cajal, 21|Abierto ⋅ Cierra a las 23:30|  Comer allí|·|4,6|208||Marbella||
60|"Restaurante Aqui Te Quiero Ver ""Lunamar"""|4,2(1.271) · €€|Chiringuito · Playa Real Zaragoza, C. Atenea, s/n|Recetario de Málaga y vistas al mar|Abierto ⋅ Cierra a las 22:00|  Comer allí|4,2|1.271| · €€|Marbella||
61|Bar El Estrecho|4,4(1.067) · €|Bar de tapas · Calle de San Lázaro, 12|Platos malagueños en un bar con solera|Abierto ⋅ Cierra a las 0:00|"  ""Restaurante encantador en el casco historico de Marbella."""|4,4|1.067| · €|Marbella||
62|Restaurante la Tirana|4,4(212)|Mediterránea · C. Sta. Ana, 13|Platos mediterráneos en casa con patio|Abierto 24 horas|  Comer allí|4,4|212||Marbella||
63|MUMBAI CITY INDIAN RESTAURANT|4,8(193)|India · C. los Jazmines, No.467|Abre pronto ⋅ 18:00|  Comer allí|·|4,8|193||Marbella||
64|Camaleón Marbella|4,3(519) · €€|Parrilla · Av. Miguel Cano, 13|Abierto ⋅ Cierra a las 0:00|  Comer allí|·|4,3|519| · €€|Marbella||
65|El Txoco de Luis Salinero: Restaurante en Puerto Banús|4,7(178) · €€|Restaurante · Paseo Javier López (Plaza Marina Banús Bloque 2 - Local 3|Abierto ⋅ Cierra a las 0:00|  Comer allí|·|4,7|178| · €€|Marbella||
66|El Meson|4,8(261)|Restaurante · C. López Ibor, 1|Cerrado ⋅ Apertura: 20:00|  Comer allí|·|4,8|261||Marbella||
67|Gourmet burger room|4,5(850) · €€|Hamburguesa · Av. Antonio Belón, 18|Abierto ⋅ Cierra a las 23:30|  Comer allí|·|4,5|850| · €€|Marbella||
68|Pan & Mermelada|4,2(568) · €€|Restaurante · Marbella Real 16, Avenida Bulevar Principe Alfonso de hohenlohe|Abierto ⋅ Cierra a las 23:00|  Comer allí|·|4,2|568| · €€|Marbella||
69|Restaurante Ciaboga|3,6(30)|Restaurante · C. Valdés, 3|Abierto ⋅ Cierra a las 23:00|  Comer allí|·|3,6|30||Marbella||
70|Restaurante los Tres Pepe|4,4(889) · €€|Chiringuito · CAlle Arcos 1 Playa de la Fontanilla|Abierto ⋅ Cierra a las 23:00|  Comer allí|·|4,4|889| · €€|Marbella||
71|Restaurante Zoe Marbella|4,0(5)|Restaurante · C. del Calvario, 4|Abierto ⋅ Cierra a las 23:30|  Comer allí|·|4,0|5||Marbella||
72|Restaurante La Campana|4,3(69)|Restaurante · Av. Miguel de Cervantes, 68|Abierto ⋅ Cierra a las 0:00|  Comer allí|·|4,3|69||Marbella||
73|InContro|4,2(357) · €€|Italiana · C. Camilo José Cela, 12|Cerrado ⋅ Apertura: 19:00|  Comer allí|·|4,2|357| · €€|Marbella||
74|Bar Restaurant BARTOLO Old Town Marbella|4,4(358) · €|Parrilla · C. San Lázaro, 1|Abierto ⋅ Cierra a las 23:30|  Comer allí|·|4,4|358| · €|Marbella||
75|El rancho nel Bosco (Only with booking)|4,6(247) · €|Restaurante · Cmo. de los Madereros, 100|Abierto ⋅ Cierra a las 2:00|  Comer allí|·|4,6|247| · €|Marbella||
76|Serafina|4,6(53)|Restaurante · Av. Bulevar Príncipe Alfonso de Hohenlohe|Cerrado ⋅ Apertura: 19:00|  Comer allí|·|4,6|53||Marbella||
77|Restaurante Las Flores|4,4(637) · €€|Española · Av. Playas Andaluzas, 1|Abierto ⋅ Cierra a las 22:00|  Comer allí|·|4,4|637| · €€|Marbella||
78|Trocadero Arena|4,4(2.178) · €€€|Mediterránea · Playa de Río Real Carretera N340 km 186|Platos mediterráneos y estilo colonial|Abierto ⋅ Cierra a la 1:00|  Comer allí|4,4|2.178| · €€€|Marbella||
79|Restaurante Taberna Gaspar|4,5(1.088)|Taberna · C. Notario Luis Oliver, 19|Taberna acogedora con comida casera|Cerrado ⋅ Apertura: 20:30|  Comer allí|4,5|1.088||Marbella||
80|Restaurante El Callejon Marbella|4,5(28)|Cocina andaluza · C. Zinc|Abierto ⋅ Cierra a las 23:00|  Comer allí|·|4,5|28||Marbella||
81|Restaurante Copacabana Marbella|4,2(478) · €|Mediterránea · C. Playa Hermosa, 201, A|Cerrado ⋅ Apertura: 11:00 (jue)|  Comer allí|·|4,2|478| · €|Marbella||
82|Yabaof Marbella|4,8(182)|Restaurante · C. Padre Enrique Cantos, 2|Cerrado ⋅ Apertura: 19:00|  Comer allí|·|4,8|182||Marbella||
83|Restaurante Santiago|4,3(683) · €€€|Marisco · Av. Duque de Ahumada, 5|Emblemática marisquería tradicional|Abierto ⋅ Cierra a las 0:00|  Comer allí|4,3|683| · €€€|Marbella||
84|Ichiban|4,4(590) · €€|Japonesa · Av. Antonio Belón, 22|Abre pronto ⋅ 18:00|  Comer allí|·|4,4|590| · €€|Marbella||
85|Restaurante La Navilla|4,3(142) · €€|Mediterránea · Plaza Del Mar, C. Camilo José Cela, 6|Gastronomía andaluza y vistas al mar|Cerrado ⋅ Apertura: 20:00|  Comer allí|4,3|142| · €€|Marbella||
86|Sisters Restaurant|4,5(169)|Restaurante · Urbanizacion Los Naranjos De Marbella Local 3 y4|Abierto ⋅ Cierra a las 22:00|  Comer allí|·|4,5|169||Marbella||
87|La Dolce Vita Beach - Chiringuito en Marbella|4,4(1.533) · €€|Restaurante · Playa del Cable-Banana, s/n|Abierto ⋅ Cierra a las 0:00|  Comer allí|·|4,4|1.533| · €€|Marbella||
88|La Ola Marbella|4,6(236)|Chiringuito · 3-4, P.º Marítimo|Abierto ⋅ Cierra a las 23:00|"  ""Maravilloso restaurante junto al mar."""||4,6|236||Marbella||
89|Monkey Club Marbella|4,2(241)|Restaurante · Hotel Puente Romano, Av. Bulevar Príncipe Alfonso de Hohenlohe, s/n|Cerrado ⋅ Apertura: 19:00|  Comer allí|·|4,2|241||Marbella||
90|Meraki Bistro Bar Restaurant|4,5(60)|Restaurante · Calle Muelle, C. Benabola, 6|Abierto ⋅ Cierra a la 1:00|  Comer allí|·|4,5|60||Marbella||
91|Indian Restaurant Jaipur|4,3(499) · €€|India · Av. Duque de Ahumada, 3, Edificio Mediterráneo, Local 8 y 9|Abierto ⋅ Cierra a las 23:30|  Comer allí|·|4,3|499| · €€|Marbella||
92|Taberna La Niña del Pisto|4,4(863) · €€|Cocina andaluza · C. San Lázaro, 1|Cerrado ⋅ Apertura: 20:30|  Comer allí|·|4,4|863| · €€|Marbella||
93|Restaurante Alameda - Restaurante Marbella centro|4,8(107)|Cocina casera · Hotel San Cristóbal - Hotel Marbella centro, Planta 1ª, Av. Ramón y Cajal, 3, 1ª|Cerrado ⋅ Apertura: 20:00|  Comer allí|·|4,8|107||Marbella||
94|D.O.M. (Denominación de Origen Málaga)|4,8(69)|Restaurante · Avenida Mario Vargas Llosa s/n|Cerrado ⋅ Apertura: 19:30|  Comer allí|·|4,8|69||Marbella||
95|"Bodega ""El Albero"" Marbella"|4,4(197)|Restaurante · C. Notario Luis Oliver, 10|  Comer allí|·|Para llevar|4,4|197||Marbella||
96|RESTAURANTE MENA|3,1(265)|Mediterránea · Pl. de los Naranjos, 10|Abierto ⋅ Cierra a las 23:00|  Comer allí|·|3,1|265||Marbella||
97|Davero|4,5(540) · €|Italiana · C. Guadalete, 2|Cerrado ⋅ Apertura: 19:30 (jue)|  Comer allí|·|4,5|540| · €|Marbella||
98|Luuma Beach Marbella|4,4(633) · €€|Mediterránea · C. Playa Hermosa, 204|Abierto ⋅ Cierra a las 23:30|  Comer allí|·|4,4|633| · €€|Marbella||
99|Cascada Marbella|4,6(517)|Restaurante · Urb Montua, 39|Abierto ⋅ Cierra a las 0:00|  Comer allí|·|4,6|517||Marbella||
100|Sirocco Marbella|4,5(96) · €|Mediterránea · Av. Fontanilla, Local 3|Cocina mediterránea en local con terraza|Cerrado ⋅ Apertura: 20:00|  Comer allí|4,5|96| · €|Marbella||
101|Sociedad de Pesca Deportiva Marbella|4,4(336) · €|Restaurante · Av. Duque de Ahumada, 1|Abierto ⋅ Cierra a las 23:00|  Comer allí|·|4,4|336| · €|Marbella||
102|Tamanaco|4,2(318)|Restaurante · Urb. Marbellamar, P.º Marítimo, s/n|Abierto ⋅ Cierra a las 0:00|  Comer allí|·|4,2|318||Marbella||
103|La Pizza Di Andre|4,6(458) · €|Pizza · C. El Almendros, local 20|Sencillo restaurante de cocina italiana|Cerrado ⋅ Apertura: 20:00|  Comer allí|4,6|458| · €|Marbella||
104|Restaurante La Torre Marbella|4,8(33)|Restaurante · Calle El Fuerte, Locales 6-9|Cerrado ⋅ Apertura: 20:00|  Comer allí|·|4,8|33||Marbella||
105|Lekune Bar|4,5(2.484) · €|Bar de tapas · Edif. Granada, Av. Fontanilla, Local 1|Bar luminoso, con pintxos y tapas|Abierto ⋅ Cierra a las 0:00|"  ""Restaurante de pinchos de una calidad exquisita"""|4,5|2.484| · €|Marbella||
106|Lateral Naranjos|4,2(411) · €€|Restaurante · Pl. de los Naranjos, 7|Abierto ⋅ Cierra a las 0:00|  Comer allí|·|4,2|411| · €€|Marbella||
107|Sukhothai Restaurant, Marbella|4,3(125)|Tailandesa · C.C. Marbella Mar, Av. Bulevar Príncipe Alfonso de Hohenlohe, L-3A|Singular comedor de delicias tailandesas|Cerrado ⋅ Apertura: 19:30|  Comer allí|4,3|125||Marbella||
108|Arco Tapas Bar|4,4(278) · €€|Bar de tapas · C. Peral, 14|Tapas y vinos en acogedor local andaluz|Cerrado ⋅ Apertura: 19:00|  Comer allí|4,4|278| · €€|Marbella||
109|Cibo Italiano Marbella|4,3(732) · €€|Italiana · Bulevard Principe Alfonso Von Hohenlohe, 11|Abierto ⋅ Cierra a las 0:00|  Comer allí|·|4,3|732| · €€|Marbella||
110|IKIGAI IZAKAYA|4,9(148) · €€|Japonesa · Travesía, C. Carlos Mackintosh, 3, local 26|Cerrado ⋅ Apertura: 20:00 (jue)|  Comer allí|·|4,9|148| · €€|Marbella||
111|Tiraito Marbella|4,6(85)|Restaurante · Av. Duque de Ahumada|Abierto ⋅ Cierra a las 2:00|  Comer allí|·|4,6|85||Marbella||
112|Bocana Beach|4,3(488)|Restaurante · P.º Marítimo, num 2|Abierto ⋅ Cierra a las 23:30|  Comer allí|·|4,3|488||Marbella||
113|Bar-Restaurante Diamante|4,5(258) · €€|Restaurante · C. Vicente Blasco Ibáñez, 3|Cerrado ⋅ Apertura: 20:00|  Comer allí|·|4,5|258| · €€|Marbella||
114|The Beach House|4,4(1.014) · €€|Restaurante · Urbanización Coto de los Dolores, C. Carril del Relojero, s/n|Platos eclécticos y refinada decoración|Abierto ⋅ Cierra a las 22:30|  Comer allí|4,4|1.014| · €€|Marbella||
115|Thaissence - Restaurante en Marbella|4,5(44)|Restaurante · C. Ancha, 9|Cerrado ⋅ Apertura: 19:30|  Comer allí|·|4,5|44||Marbella||
116|A1 Ambar Restaurant|3,9(28)|Restaurante · C. Mlle. Salman|Abierto ⋅ Cierra a las 0:00|  Comer allí|  RESERVAR UNA MESA|3,9|28||Marbella||
117|TORO Burger Lounge MARBELLA|4,3(903) · €€|Hamburguesa · está entre Sirocco y Boardwalk, Avda Fontanilla con, P.º Marítimo, local 1B|Cerrado ⋅ Apertura: 20:00|  Comer allí|·|4,3|903| · €€|Marbella||
118|Hayaca Restaurant Marbella|4,5(8)|Restaurante · Plaza Jose Luque Manzano s/n|Cerrado ⋅ Apertura: 20:00|  Comer allí|·|4,5|8||Marbella||
119|Al Sanyor Marbella|3,9(42)|Libanesa · Plaza de la Orquidea, 4|Abierto ⋅ Cierre: 5:00 (jue)|  Comer allí|·|3,9|42||Marbella||
